/ / 301
/announcement/blog /posts/ 301
/announcement/podcast /posts/ 301
/announcement/product-updates /posts/ 301
/announcement/projects /posts/ 301
/announcement/webinars /posts/ 301
/announcements /posts/ 301
/app/desk-booking-app /products/desk-booking-app 301
/app/energy-reduction-app /products/energy-reduction-app 301
/app/meeting-room-booking /products/room-booking 301
/app/room-booking-app-free /products/room-booking 301
/app/visitor-management-app /products/visitor-management-app 301
/app/occupancy-tracking /products/occupancy-monitoring 301
/apps /products/ 301
/backoffice /products/backoffice 301
/how-it-works / 301
/contact /contact 301
/drivers / 301
/licensing /licensing 301
/privacy-policy /privacy-policy 301
/resource/careers /contact 301
/resource/faq /faq 301
/security /security 301
/suite/telehealth-solution /products/virtualcare 301
/suite/workmate-workplace-solution /products/workmate-workplace-solution 301
/suite/stagehand /products/stagehand 301
/suites /products 301
/terms-of-use /terms-of-use 301
/custom-enterprise-solutions /products 301
/receive-a-quote /contact 301
/industries /industry 301
/industry/smart-campus /industry/smart-campus 301
/industry/workplace /industry/workplace 301
/industry/energy /industry/energy 301
/blog/09-24-product-update /posts/september-2024-placeos-product-updates 301
/blog/2019-10-15-utilisation-data-is-only-half-the-story /posts/office-space-utilization-is-only-half-the-story 301
/blog/2019-10-29-the-most-important-and-most-neglected-user-experiences-within-smart-buildings /posts/the-most-neglected-smarting-building-ux 301
/blog/2019-8-21-less-is-more-platforms-vs-apps /posts/smart-building-automation-platforms-vs-apps 301
/blog/2019-8-21-vanity-apps-pretty-useless /posts/why-too-many-workplace-apps-are-counterproductive 301
/blog/2019-8-9-digital-transformation-is-nothing-without-a-digital-workplace-6-insights-from-new-research /posts/a-guide-to-digital-workplace-transformation 301
/blog/a-better-place-climate-tech /posts/the-world-s-largest-emitter 301
/blog/a-better-place-sustainability /posts/enhancing-commercial-building-sustainability-in-a-hybrid-workplace 301
/blog/api-keys /posts/api-keys-simplify-authentication-for-apps-devices 301
/blog/april-2024-updates /posts/april-2024-placeos-product-updates 301
/blog/area-manager-occupancy-sensor-management /posts/area-manager-occupancy-sensor-management 301
/blog/auto-assign /posts/auto-assign-desks-car-spaces 301
/blog/building-region-level-workplace-management /posts/building-region-level-workplace-management 301
/blog/campus-management-systems-with-cisco-meraki /posts/webinar-campus-management-systems-with-cisco-meraki 301
/blog/canada-needs-to-retrofit-482-000-buildings-by-2050 /posts/canada-needs-to-retrofit-482-000-buildings-by-2050-at-the-current-pace-it-will-take-70-years 301
/blog/concierge-managing-workplace-experience /posts/live-demo-concierge-managing-workplace-experience 301
/blog/concierge-refresh /posts/workplace-management-app-new-features-and-enhancements 301
/blog/crystal-v1-0-0 /posts/learn-about-crystal-v1-0-0-for-workplaces 301
/blog/data-deceits /posts/data-deceits-how-to-spot-when-you-re-being-lied-to 301
/blog/december-2024-placeos-product-updates /posts/december-2024-placeos-product-updates 301
/blog/deployment-tooling-kubernetes /posts/deployment-tooling-kubernetes 301
/blog/deployment-via-openshift /posts/deployment-via-openshift 301
/blog/digital-twins-or-digital-duds /posts/digital-twins-think-about-situations-not-semantics 301
/blog/downsizing-your-office-first-take-these-5-essential-steps /posts/downsizing-your-office-first-take-these-5-essential-steps 301
/blog/energy-analytics /posts/smart-building-energy-analytics 301
/blog/energy-data-collection-and-utilization-a-comprehensive-guide /posts/a-guide-to-energy-data-collection-utilization 301
/blog/everybody-needs-good-nabers-the-missing-energy-metric /posts/everybody-needs-good-nabers-the-missing-energy-metric 301
/blog/experience-brand-new-features /posts/live-demo-energy-analytics-dashboards-outlook-plugin-more 301
/blog/feature-enablement /posts/feature-enablement 301
/blog/february-2024-updates /posts/february-2024-placeos-product-updates 301
/blog/how-commercial-real-estate-can-embrace-technology /posts/how-commercial-real-estate-can-embrace-technology 301
/blog/how-tesla-tackles-ux-design /posts/user-input-equals-error-the-elon-musk-approach 301
/blog/how-to-capture-occupancy-data-in-the-workplace /posts/how-to-capture-occupancy-data-in-the-workplace 301
/blog/how-to-choose-the-best-meeting-room-booking-solution /posts/how-to-choose-the-best-meeting-room-booking-software 301
/blog/how-to-create-a-workplace-worth-returning-to /posts/how-to-create-a-workplace-worth-returning-to 301
/blog/how-to-scope-a-desk-booking-solution /posts/how-to-create-a-desk-booking-app-for-your-office-needs 301
/blog/indoor-air-quality-integration-amp-experience-surveys /posts/indoor-air-quality-integration-kaiterra 301
/blog/indoor-wayfinding /posts/indoor-wayfinding-for-your-workplace 301
/blog/introducing-event-manager /posts/introducing-event-manager 301
/blog/is-your-hvac-system-cooling-an-empty-office /posts/is-your-hvac-system-cooling-an-empty-office 301
/blog/july-2024-placeos-product-updates /posts/july-2024-placeos-product-updates 301
/blog/june-2024-product-updates /posts/june-2024-placeos-product-updates 301
/blog/live-demo-ai-room-control /posts/live-demo-ai-room-control 301
/blog/live-demo-chat-gpt /posts/live-demo-placeai-chatgpt-object-recognition-features 301
/blog/live-demo-connect-your-business-to-your-building /posts/live-demo-connect-your-business-to-your-building 301
/blog/live-demo-event-manager /posts/live-demo-event-manager 301
/blog/live-demo-indoor-wayfinding-workplace-management-overhaul /posts/live-demo-indoor-wayfinding-workplace-management-overhaul 301
/blog/live-demo-occupancy-based-energy-automation /posts/live-demo-occupancy-based-energy-automation 301
/blog/live-demo-room-booking-chat-based-building-experience /posts/live-demo-enhanced-room-booking-event-manager 301
/blog/live-demo-understanding-energy-analytics-surveys-catering /posts/live-demo-understanding-energy-analytics-surveys-catering 301
/blog/live-demo-visitor-management-locker-booking /posts/live-demo-visitor-management-locker-booking 301
/blog/live-demo-working-with-working-from-home /posts/live-demo-working-with-working-from-home 301
/blog/live-demo-workmate-native-ios-android /posts/live-demo-workmate-native-ios-android 301
/blog/monstarlab /posts/partnership-announcement-with-monstarlab 301
/blog/new-feature-locking-booking /posts/new-feature-locking-booking 301
/blog/new-workmate-features-experience-surveys /posts/new-workmate-features-experience-surveys-wfh-status-more 301
/blog/object-detection-occupancy-workflows /posts/vergesense-object-detection-occupancy-workflows 301
/blog/office-space-utilization-the-roadmap-to-efficiency /posts/office-space-utilization-the-roadmap-to-efficiency 301
/blog/open-telemetry /posts/support-for-open-telemetry 301
/blog/packaged-or-custom /posts/when-to-go-with-a-custom-or-packaged-smart-building-solution 301
/blog/platform-the-strategy-behind-our-new-products /posts/platform-power-unleashed-the-strategy-behind-our-new-products 301
/blog/processing-on-the-edge /posts/processing-on-the-edge 301
/blog/ps93bn-of-commercial-real-estate-is-at-risk-heres-what-to-do /posts/93bn-of-commercial-real-estate-is-at-risk-here-s-what-to-do 301
/blog/raw-crystal-2020 /posts/raw-crystal-2020-ft-stephen-von-takach 301
/blog/rethinking-campus-experience /posts/live-event-rethinking-campus-experience 301
/blog/return-to-workplace /posts/how-to-create-a-workplace-worth-returning-to 301
/blog/return-to-workplace-covid-19 /posts/how-to-successfully-return-to-the-office-after-covid 301
/blog/room-booking-updates-recurring-booking-room-manager /posts/room-booking-updates-recurring-booking-room-manager 301
/blog/room-booking-ux /posts/meeting-room-display-interface-design 301
/blog/size-does-matter-the-2-percent-topping-the-energy-charts /posts/size-does-matter-the-2-topping-the-energy-charts 301
/blog/smart-building-data-traps /posts/smart-building-data-traps 301
/blog/smart-city-revolution /posts/social-distancing-is-sparking-the-smart-city-revolution 301
/blog/technology-redundancy /posts/managing-technology-redundancy-in-iot-and-smart-buildings 301
/blog/the-importance-of-energy-data /posts/importance-of-energy-data-for-commercial-buildings 301
/blog/the-latest-integrations-improving-sustainability /posts/how-bms-improve-commercial-building-sustainability 301
/blog/three-reasons-not-to-wfh /posts/three-reasons-i-am-not-working-from-home 301
/blog/two-core-philosophies-for-smart-building-design /posts/two-core-philosophies-for-smart-building-design 301
/blog/understanding-energy-in-commercial-real-estate-buildings /posts/a-guide-to-energy-efficient-commercial-buildings 301
/blog/unlocking-your-workplaces-hidden-potential-with-ciscio /posts/unlocking-your-workplace-s-hidden-potential-with-cisco-meraki 301
/blog/user-interface-templates /posts/user-interface-templates 301
/blog/visitor-management-self-documenting-api /posts/self-documenting-api 301
/blog/why-customer-retention-is-the-ultimate-growth-strategy /posts/you-don-t-need-another-workplace-sensor 301
/blog/why-switch-from-on-prem-placeos-to-cloud-based /posts/why-switch-from-on-prem-placeos-to-cloud-based 301
/blog/workplace-incentives /posts/integrating-incentives-into-the-workplace-and-beyond 301
/blog/workplace-optimization /posts/approaching-workplace-optimization 301
/team/jeremy-west / 301
/team/jon-mcfarlane / 301
/team/jordy-mcintyre / 301
/projects/ashrae /projects/ashrae-headquarters-net-zero-retrofit 301
/projects/canadian-university /projects/campus-energy-reduction-sustainability 301
/projects/government-agency /projects/multi-tenancy-space-as-a-service 301
/projects/nsw-health /projects/seamless-online-health-consultations 301
/projects/suncorp /projects/office-downsize-from-three-buildings-to-one 301